SquareA,SquareCircuit,SquareSurface,RectangleA,RectangleB,RectangleCircuit,RectangleSurface,CircleR,CircleCircuit,CircleSurface,TriangleA,TriangleB,TriangleC,TriangleCircuit,TriangleSurface
4.5,18.0,20.25,4.5,5.5,20.0,24.75,4.0,25.13274,50.26548,3.0,4.0,5.0,12.0,6.0
3.0,12.0,9.0,2.0,3.0,10.0,6.0,1.0,6.28318,3.14159,3.1,5.2,7.4,15.7,6.668
1500.0,6000.0,2250000,1500.0,300.45,3600.9,450675.0,0.55,3.45575,0.95033,10.5,15.4,20.2,46.1,79.416
45.47,181.88,2067.5209,45.47,32.43,155.8,1474.5921,10.58,66.47610,351.65857,20.0,30.0,40.0,90.0,290.474
365.0,1460.0,133225,365.0,345.0,1420.0,125925.0,22.11,138.92123,1535.77417,0.5,0.4,0.3,1.2,0.06
